{
  "project_info": {
    "project_number": "1067071472958",
    "project_id": "my-firebase-reviewer1719",
    "storage_bucket": "my-firebase-reviewer1719.appspot.com"
  },
  "client": [
    {
      "client_info": {
        "mobilesdk_app_id": "1:1067071472958:android:8ceb704d161eac6112d86f",
        "android_client_info": {
          "package_name": "com.taufiqalhasib.flutter_quiz_maker_app"
        }
      },
      "oauth_client": [
        {
          "client_id": "1067071472958-vrsk1a3n9tgmktfei4r3gnblk69h5v21.apps.googleusercontent.com",
          "client_type": 3
        }
      ],
      "api_key": [
        {
          "current_key": "AIzaSyC_gU6HS2ZYX5LdYXUjgfBz5up1xq693zs"
        }
      ],
      "services": {
        "appinvite_service": {
          "other_platform_oauth_client": [
            {
              "client_id": "1067071472958-vrsk1a3n9tgmktfei4r3gnblk69h5v21.apps.googleusercontent.com",
              "client_type": 3
            }
          ]
        }
      }
    }
  ],
  "configuration_version": "1"
}